{
  "swagger": "2.0",
  "info": { "version": "v2", "title": "NodeJS Api's" },
  "host": "localhost:5000",
  "basePath": "/api/v1",
  "tags": [
    {
      "name": "Health",
      "description": ""
    },
    {
      "name": "Auth",
      "description": "API for auth"
    },
    {
      "name": "Users",
      "description": "API for users"
    }
  ],
  "schemes": ["http", "https"],
  "securityDefinitions": {
    "bearerAuth": {
      "type": "apiKey",
      "name": "Authorization",
      "scheme": "bearer",
      "bearerFormat": "JWT",
      "in": "header"
    }
  },
  "consumes": ["application/json"],
  "produces": ["application/json"],
  "paths": {
    "/health": {
      "get": {
        "tags": ["Health"],
        "summary": "Get server state details",
        "description": "",
        "produces": ["application/json"],
        "responses": { "200": { "description": "Success" } }
      }
    },
    "/auth/signup": {
      "post": {
        "tags": ["Auth"],
        "summary": "Create new account",
        "description": "",
        "parameters": [
          {
            "name": "user",
            "description": "user credentials",
            "in": "body",
            "required": true,
            "schema": { "$ref": "#/definitions/Signup" }
          }
        ],
        "produces": ["application/json"],
        "responses": { "200": { "description": "Success" } }
      }
    },
    "/auth/login": {
      "post": {
        "tags": ["Auth"],
        "summary": "Login user",
        "description": "",
        "parameters": [
          {
            "name": "user",
            "description": "user credentials",
            "in": "body",
            "required": true,
            "schema": { "$ref": "#/definitions/Login" }
          }
        ],
        "produces": ["application/json"],
        "responses": { "200": { "description": "Success" } }
      }
    },
    "/auth/logout": {
      "get": {
        "tags": ["Auth"],
        "summary": "Logout user",
        "description": "",
        "security": [{ "bearerAuth": [] }],
        "produces": ["application/json"],
        "responses": { "200": { "description": "Success" } }
      }
    },
    "/auth/me": {
      "get": {
        "tags": ["Auth"],
        "summary": "Get User Details the account",
        "description": "",
        "security": [{ "bearerAuth": [] }],
        "produces": ["application/json"],
        "responses": { "200": { "description": "Success" } }
      }
    },
    "/auth/forgotPassword": {
      "post": {
        "tags": ["Auth"],
        "summary": "Forgot Password the account",
        "description": "",
        "parameters": [
          {
            "name": "body",
            "description": "",
            "in": "body",
            "required": true,
            "schema": { "$ref": "#/definitions/ForgotPassword" }
          }
        ],
        "produces": ["application/json"],
        "responses": { "200": { "description": "Success" } }
      }
    },
    "/auth/resetPassword/{resetToken}": {
      "put": {
        "tags": ["Auth"],
        "summary": "Reset Password the account",
        "description": "resetToken valid for 10mins",
        "parameters": [
          {
            "name": "resetToken",
            "in": "path",
            "type": "string",
            "required": true
          },
          {
            "name": "body",
            "description": "",
            "in": "body",
            "required": true,
            "schema": { "$ref": "#/definitions/ResetPassword" }
          }
        ],
        "produces": ["application/json"],
        "responses": { "200": { "description": "Success" } }
      }
    },
    "/users": {
      "get": {
        "tags": ["Users"],
        "summary": "fetch users",
        "description": "fetch users",
        "produces": ["application/json"],
        "parameters": [
          {
            "name": "page",
            "in": "query",
            "type": "string",
            "required": false
          },
          {
            "name": "limit",
            "in": "query",
            "type": "string",
            "required": false
          }
        ],
        "security": [{ "bearerAuth": [] }],
        "responses": { "200": { "description": "Success" } }
      }
    },
    "/users/{id}": {
      "get": {
        "tags": ["Users"],
        "summary": "fetch users",
        "description": "fetch users",
        "parameters": [
          {
            "name": "id",
            "in": "path",
            "type": "string",
            "required": true
          }
        ],
        "security": [{ "bearerAuth": [] }],
        "produces": ["application/json"],
        "responses": { "200": { "description": "Success" } }
      },
      "put": {
        "tags": ["Users"],
        "summary": "update users",
        "description": "update users",
        "parameters": [
          {
            "name": "id",
            "in": "path",
            "type": "string",
            "required": true
          },
          {
            "name": "photo",
            "description": "Allow images only image files!",
            "in": "formData",
            "required": true,
            "allowMultiple": false,
            "type": "file"
          }
        ],
        "security": [{ "bearerAuth": [] }],
        "produces": ["application/json"],
        "responses": { "200": { "description": "Success" } }
      },
      "delete": {
        "tags": ["Users"],
        "summary": "delete users",
        "description": "delete users",
        "parameters": [
          {
            "name": "id",
            "in": "path",
            "type": "string",
            "required": true
          }
        ],
        "security": [{ "bearerAuth": [] }],
        "produces": ["application/json"],
        "responses": { "200": { "description": "Success" } }
      }
    }
  },
  "definitions": {
    "Signup": {
      "required": ["firstName", "lastName", "email", "password"],
      "properties": {
        "firstName": {
          "type": "string",
          "min": 2,
          "max": 30
        },
        "lastName": {
          "type": "string",
          "min": 2,
          "max": 30
        },
        "email": {
          "type": "string",
          "unique": true
        },
        "password": {
          "type": "string",
          "min": 6
        }
      }
    },
    "Login": {
      "required": ["email", "password"],
      "properties": {
        "email": {
          "type": "string"
        },
        "password": {
          "type": "string"
        }
      }
    },
    "ForgotPassword": {
      "required": ["email"],
      "properties": {
        "email": {
          "type": "string"
        }
      }
    },
    "ResetPassword": {
      "required": ["password"],
      "properties": {
        "password": {
          "type": "string"
        }
      }
    },
    "UpdateUser": {
      "properties": {}
    }
  }
}
